Zone,1,2,3,Total
AnnualSum,6.57417306648193e6,5.309015657851163e6,436938.0756951606,1.2320126800028253e7
t1,736.35718464,70.68258354976714,0.0,807.0397681897672
t2,736.35718464,0.0,0.0,736.35718464
t3,736.35718464,0.0,0.0,736.35718464
t4,736.35718464,0.0,0.0,736.35718464
t5,733.6891200919063,0.0,0.0,733.6891200919063
t6,313.96552484710634,0.0,0.0,313.96552484710634
t7,311.47908910272,0.0,0.0,311.47908910272
t8,311.47908910272,0.0,0.0,311.47908910272
t9,311.47908910272,0.0,0.0,311.47908910272
t10,311.47908910272,0.0,0.0,311.47908910272
t11,311.47908910272,0.0,0.0,311.47908910272
t12,311.47908910272,0.0,0.0,311.47908910272
t13,311.47908910272,0.0,0.0,311.47908910272
t14,311.47908910272,0.0,0.0,311.47908910272
t15,311.47908910272,0.0,0.0,311.47908910272
t16,311.47908910272,0.0,0.0,311.47908910272
t17,311.47908910272,0.0,0.0,311.47908910272
t18,731.20268434752,0.0,0.0,731.20268434752
t19,736.35718464,405.81265364353396,111.44011661933781,1253.6099549028718
t20,736.35718464,1474.1487703914281,194.7411754080187,2405.2471304394467
t21,736.35718464,1492.7832005553769,188.95219873120487,2418.092583926582
t22,736.35718464,1492.7832005553769,188.95219873120487,2418.092583926582
t23,736.35718464,1278.72647063011,77.09249708233156,2092.1761523524415
t24,736.35718464,816.2939038183883,77.09249708233156,1629.74358554072
t25,736.35718464,331.3132863642322,9.069705539097821,1076.74017654333
t26,736.35718464,0.0,0.0,736.35718464
t27,736.35718464,0.0,0.0,736.35718464
t28,736.35718464,0.0,0.0,736.35718464
t29,736.35718464,0.0,0.0,736.35718464
t30,713.1310567802482,0.0,0.0,713.1310567802482
t31,311.47908910272,0.0,0.0,311.47908910272
t32,311.47908910272,0.0,0.0,311.47908910272
t33,311.47908910272,0.0,0.0,311.47908910272
t34,311.47908910272,0.0,0.0,311.47908910272
t35,311.47908910272,0.0,0.0,311.47908910272
t36,311.47908910272,0.0,0.0,311.47908910272
t37,311.47908910272,0.0,0.0,311.47908910272
t38,311.47908910272,0.0,0.0,311.47908910272
t39,311.47908910272,0.0,0.0,311.47908910272
t40,311.47908910272,0.0,0.0,311.47908910272
t41,316.6335893952001,0.0,0.0,316.6335893952001
t42,736.35718464,0.0,0.0,736.35718464
t43,736.35718464,717.2011044288959,0.0,1453.5582890688959
t44,736.35718464,1136.6054266202652,0.0,1872.9626112602652
t45,736.35718464,1136.6054266202652,0.0,1872.9626112602652
t46,736.35718464,1082.5880021860903,0.0,1818.9451868260903
t47,736.35718464,1136.6054266202652,0.0,1872.9626112602652
t48,736.35718464,673.0950497465535,0.0,1409.4522343865535
t49,736.35718464,142.4850043751093,0.0,878.8421890151093
t50,736.35718464,0.0,0.0,736.35718464
t51,736.35718464,0.0,0.0,736.35718464
t52,736.35718464,0.0,0.0,736.35718464
t53,736.35718464,0.0,0.0,736.35718464
t54,731.20268434752,0.0,0.0,731.20268434752
t55,311.47908910272,0.0,0.0,311.47908910272
t56,311.47908910272,0.0,0.0,311.47908910272
t57,311.47908910272,0.0,0.0,311.47908910272
t58,311.47908910272,0.0,0.0,311.47908910272
t59,311.47908910272,0.0,0.0,311.47908910272
t60,311.47908910272,0.0,0.0,311.47908910272
t61,311.47908910272,0.0,0.0,311.47908910272
t62,311.47908910272,0.0,0.0,311.47908910272
t63,311.47908910272,0.0,0.0,311.47908910272
t64,311.47908910272,0.0,0.0,311.47908910272
t65,311.47908910272,0.0,0.0,311.47908910272
t66,311.47908910272,0.0,0.0,311.47908910272
t67,731.20268434752,0.0,0.0,731.20268434752
t68,736.35718464,131.98099035611648,0.0,868.3381749961165
t69,736.35718464,209.1607345877297,0.0,945.5179192277297
t70,736.35718464,209.1607345877297,0.0,945.5179192277297
t71,736.35718464,209.1607345877297,0.0,945.5179192277297
t72,736.35718464,75.29786445158268,0.0,811.6550490915827
t73,736.35718464,72.5787749019422,0.0,808.9359595419422
t74,736.35718464,0.0,0.0,736.35718464
t75,736.35718464,0.0,0.0,736.35718464
t76,736.35718464,0.0,0.0,736.35718464
t77,736.35718464,0.0,0.0,736.35718464
t78,731.20268434752,0.0,0.0,731.20268434752
t79,311.47908910272,0.0,0.0,311.47908910272
t80,311.47908910272,0.0,0.0,311.47908910272
t81,311.47908910272,0.0,0.0,311.47908910272
t82,311.47908910272,0.0,0.0,311.47908910272
t83,311.47908910272,0.0,0.0,311.47908910272
t84,311.47908910272,0.0,0.0,311.47908910272
t85,311.47908910272,0.0,0.0,311.47908910272
t86,311.47908910272,0.0,0.0,311.47908910272
t87,311.47908910272,0.0,0.0,311.47908910272
t88,311.47908910272,0.0,0.0,311.47908910272
t89,311.47908910272,0.0,0.0,311.47908910272
t90,311.47908910272,0.0,0.0,311.47908910272
t91,731.20268434752,0.0,0.0,731.20268434752
t92,736.35718464,75.28923830394082,0.0,811.6464229439408
t93,736.35718464,600.7640290091687,0.0,1337.1212136491686
t94,736.35718464,316.61115605225854,0.0,1052.9683406922586
t95,2337.2399954400003,772.3837509664489,300.6450952210386,3410.2688416274877
t96,736.35718464,278.05815034792164,0.0,1014.4153349879216
t97,736.35718464,268.0171615853578,0.0,1004.3743462253578
t98,736.35718464,225.74329244597843,0.0,962.1004770859785
t99,736.35718464,0.0,0.0,736.35718464
t100,736.35718464,0.0,0.0,736.35718464
t101,736.35718464,0.0,0.0,736.35718464
t102,736.35718464,0.0,0.0,736.35718464
t103,316.6335893952001,0.0,0.0,316.6335893952001
t104,311.47908910272,0.0,0.0,311.47908910272
t105,311.47908910272,0.0,0.0,311.47908910272
t106,311.47908910272,0.0,0.0,311.47908910272
t107,311.47908910272,0.0,0.0,311.47908910272
t108,311.47908910272,0.0,0.0,311.47908910272
t109,311.47908910272,0.0,0.0,311.47908910272
t110,311.47908910272,0.0,0.0,311.47908910272
t111,311.47908910272,0.0,0.0,311.47908910272
t112,311.47908910272,0.0,0.0,311.47908910272
t113,731.20268434752,0.0,0.0,731.20268434752
t114,736.35718464,0.0,0.0,736.35718464
t115,736.35718464,692.0749985771288,0.0,1428.4321832171288
t116,736.35718464,1239.4716582530361,0.0,1975.8288428930362
t117,736.35718464,1184.2694343518722,0.0,1920.6266189918722
t118,736.35718464,1184.2694343518722,0.0,1920.6266189918722
t119,736.35718464,1150.769547828624,0.0,1887.126732468624
t120,736.35718464,410.9414937200997,0.0,1147.2986783600998
t121,840.7344738839982,1317.714715766684,0.0,2158.4491896506825
t122,808.8228750814778,1317.714715766684,0.0,2126.537590848162
t123,808.8228750814778,1021.0952032016028,0.0,1829.9180782830806
t124,808.8228750814778,1051.8266778310187,0.0,1860.6495529124966
t125,879.5700115994425,1317.714715766684,0.0,2197.2847273661264
t126,879.5700115994425,1317.714715766684,0.0,2197.2847273661264
t127,879.5700115994425,1317.714715766684,0.0,2197.2847273661264
t128,879.5700115994425,1317.714715766684,0.0,2197.2847273661264
t129,828.0133938940432,520.4287752190023,0.0,1348.4421691130456
t130,736.35718464,208.352952332632,0.0,944.710136972632
t131,316.6335893952001,208.352952332632,0.0,524.9865417278321
t132,311.47908910272,208.352952332632,0.0,519.832041435352
t133,311.47908910272,208.352952332632,0.0,519.832041435352
t134,311.47908910272,208.352952332632,0.0,519.832041435352
t135,316.6335893952001,208.352952332632,0.0,524.9865417278321
t136,736.35718464,208.352952332632,114.53095870524145,1059.2410956778733
t137,893.2152516859298,797.4364779152575,327.8082833817291,2018.4600129829164
t138,1085.5841461437674,1482.0214427832739,360.1857657630871,2927.791354690128
t139,1051.949188376481,1482.0214427832739,360.1857657630871,2894.156396922842
t140,1051.949188376481,1482.0214427832739,360.1857657630871,2894.156396922842
t141,1051.949188376481,1482.0214427832739,360.1857657630871,2894.156396922842
t142,1051.949188376481,1482.0214427832739,360.1857657630871,2894.156396922842
t143,1051.949188376481,1482.0214427832739,360.1857657630871,2894.156396922842
t144,1051.949188376481,1356.012691668893,350.3602409188543,2758.3221209642284
t145,849.9703059851331,862.8880050638503,119.84135083047879,1832.6996618794624
t146,736.35718464,630.3773983245667,0.0,1366.7345829645667
t147,736.35718464,514.2614406457959,0.0,1250.618625285796
t148,736.35718464,514.2614406457959,0.0,1250.618625285796
t149,736.35718464,514.2614406457959,0.0,1250.618625285796
t150,736.35718464,514.2614406457959,0.0,1250.618625285796
t151,736.35718464,646.3407791297061,0.0,1382.6979637697061
t152,736.35718464,1192.640356449322,0.0,1928.997541089322
t153,736.35718464,1152.8882796699659,0.0,1889.2454643099659
t154,736.35718464,514.2614406457959,0.0,1250.618625285796
t155,736.35718464,514.2614406457959,0.0,1250.618625285796
t156,736.35718464,514.2614406457959,0.0,1250.618625285796
t157,731.20268434752,514.2614406457959,0.0,1245.4641249933159
t158,311.47908910272,514.2614406457959,0.0,825.7405297485159
t159,311.47908910272,514.2614406457959,0.0,825.7405297485159
t160,316.6335893952001,514.2614406457959,0.0,830.8950300409961
t161,1026.6476749594226,514.2614406457959,44.647568797685196,1585.5566844029038
t162,1318.9288032729276,1400.6288205629874,98.19526738243529,2817.75289121835
t163,1280.6694768635825,1482.0214427832739,88.15191741637675,2850.842837063233
t164,1280.6694768635825,1482.0214427832739,88.15191741637675,2850.842837063233
t165,1280.6694768635825,1482.0214427832739,88.15191741637675,2850.842837063233
t166,1280.6694768635825,1440.2399456761007,88.15191741637675,2809.06133995606
t167,1280.6694768635825,1411.3983978714593,88.15191741637675,2780.219792151419
t168,1045.741588040785,1310.6955141368578,88.15191741637675,2444.5890195940196
t169,1011.7792045051328,1196.2886495781568,62.919492614095354,2270.987346697385
t170,1011.7792045051328,723.2490418395785,35.9659823058817,1770.994228650593
t171,1011.7792045051328,514.2614406457959,35.9659823058817,1562.0066274568105
t172,1011.7792045051328,514.2614406457959,35.9659823058817,1562.0066274568105
t173,1011.7792045051328,514.2614406457959,35.9659823058817,1562.0066274568105
t174,1011.7792045051328,717.7750195519259,35.9659823058817,1765.5202063629404
t175,1011.7792045051328,1153.68314445371,35.9659823058817,2201.428331264725
t176,1011.7792045051328,1463.4471553791334,79.37015980750525,2554.596519691772
t177,1011.7792045051328,1024.5036035640994,35.9659823058817,2072.248790375114
t178,1011.7792045051328,615.1059576924072,35.9659823058817,1662.8511445034217
t179,1011.7792045051328,514.2614406457959,35.9659823058817,1562.0066274568105
t180,1011.7792045051328,514.2614406457959,35.9659823058817,1562.0066274568105
t181,1011.7792045051328,514.2614406457959,35.9659823058817,1562.0066274568105
t182,1011.7792045051328,514.2614406457959,35.9659823058817,1562.0066274568105
t183,1011.7792045051328,514.2614406457959,35.9659823058817,1562.0066274568105
t184,1280.6694768635825,924.1094605190063,88.15191741637675,2292.930854798966
t185,1280.6694768635825,1482.0214427832739,88.15191741637675,2850.842837063233
t186,1280.6694768635825,1482.0214427832739,88.15191741637675,2850.842837063233
t187,1280.6694768635825,1482.0214427832739,88.15191741637675,2850.842837063233
t188,1280.6694768635825,1482.0214427832739,88.15191741637675,2850.842837063233
t189,1280.6694768635825,1482.0214427832739,88.15191741637675,2850.842837063233
t190,1280.6694768635825,1482.0214427832739,65.3792788191171,2828.0701984659736
t191,1262.7509245081403,1482.0214427832739,56.41722714648112,2801.1895944378957
t192,914.3910574850473,1393.1019374781408,0.0,2307.4929949631883
t193,736.35718464,864.436746809618,0.0,1600.793931449618
t194,736.35718464,593.4760759815524,0.0,1329.8332606215524
t195,736.35718464,533.8809492240326,0.0,1270.2381338640325
t196,736.35718464,514.2614406457959,0.0,1250.618625285796
t197,736.35718464,526.5106489401729,0.0,1262.8678335801728
t198,736.35718464,514.2614406457959,0.0,1250.618625285796
t199,736.35718464,890.4793408576187,0.0,1626.8365254976188
t200,736.35718464,948.4937233812952,0.0,1684.8509080212953
t201,316.6335893952001,0.0,0.0,316.6335893952001
t202,311.47908910272,0.0,0.0,311.47908910272
t203,311.47908910272,0.0,0.0,311.47908910272
t204,311.47908910272,0.0,0.0,311.47908910272
t205,311.47908910272,0.0,0.0,311.47908910272
t206,311.47908910272,0.0,0.0,311.47908910272
t207,311.47908910272,0.0,0.0,311.47908910272
t208,316.6335893952001,0.0,0.0,316.6335893952001
t209,736.35718464,632.8669218929432,0.0,1369.224106532943
t210,736.35718464,1649.9380018504226,0.0,2386.2951864904226
t211,736.35718464,1529.741094156501,0.0,2266.0982787965013
t212,736.35718464,1529.741094156501,0.0,2266.0982787965013
t213,736.35718464,1529.741094156501,0.0,2266.0982787965013
t214,736.35718464,1529.741094156501,0.0,2266.0982787965013
t215,736.35718464,1529.741094156501,0.0,2266.0982787965013
t216,736.35718464,1448.1571693602236,0.0,2184.5143540002236
t217,736.35718464,1100.8333959127392,0.0,1837.1905805527392
t218,736.35718464,910.5627588159383,0.0,1646.9199434559382
t219,736.35718464,844.840871855231,0.0,1581.198056495231
t220,736.35718464,754.016554138313,0.0,1490.373738778313
t221,736.35718464,387.36221530451746,0.0,1123.7193999445176
t222,736.35718464,387.36221530451746,0.0,1123.7193999445176
t223,736.35718464,542.7201655465547,0.0,1279.0773501865547
t224,736.35718464,258.650704422808,0.0,995.0078890628081
t225,316.6335893952001,0.0,0.0,316.6335893952001
t226,311.47908910272,0.0,0.0,311.47908910272
t227,311.47908910272,0.0,0.0,311.47908910272
t228,311.47908910272,0.0,0.0,311.47908910272
t229,311.47908910272,0.0,0.0,311.47908910272
t230,311.47908910272,0.0,0.0,311.47908910272
t231,311.47908910272,0.0,0.0,311.47908910272
t232,316.6335893952001,0.0,0.0,316.6335893952001
t233,774.7461340672661,675.2484433721472,0.0,1449.9945774394132
t234,880.1224918022035,1473.947829085905,0.0,2354.0703208881087
t235,879.5700115994425,1317.714715766684,0.0,2197.2847273661264
t236,879.5700115994425,1317.714715766684,0.0,2197.2847273661264
t237,879.5700115994425,1317.714715766684,0.0,2197.2847273661264
t238,879.5700115994425,1317.714715766684,0.0,2197.2847273661264
t239,879.5700115994425,1317.714715766684,0.0,2197.2847273661264
t240,879.5700115994425,1317.714715766684,0.0,2197.2847273661264
t241,1282.0271612088266,1514.016381452168,307.78137753957265,3103.8249202005672
t242,891.0773676606847,1354.3866813670343,307.78137753957265,2553.2454265672914
t243,891.0773676606848,1351.2950951430341,238.9216151124108,2481.29407791613
t244,736.35718464,1195.9974007373805,41.94153348708424,1974.2961188644647
t245,736.35718464,1171.445464382333,0.0,1907.802649022333
t246,736.35718464,1040.9210622720002,0.0,1777.2782469120002
t247,316.6335893952001,0.0,0.0,316.6335893952001
t248,311.47908910272,0.0,0.0,311.47908910272
t249,311.47908910272,0.0,0.0,311.47908910272
t250,311.47908910272,0.0,0.0,311.47908910272
t251,357.7676130623849,0.0,0.0,357.7676130623849
t252,736.35718464,0.0,0.0,736.35718464
t253,736.35718464,0.0,0.0,736.35718464
t254,736.35718464,0.0,0.0,736.35718464
t255,736.35718464,0.0,0.0,736.35718464
t256,736.35718464,0.0,0.0,736.35718464
t257,736.35718464,0.0,0.0,736.35718464
t258,736.35718464,0.0,0.0,736.35718464
t259,1244.5135601310344,1026.2875175279999,178.81300809077536,2449.61408574981
t260,1756.154567126444,1626.4391598000002,312.4750442678429,3695.068771194287
t261,1689.1812377021542,1626.4391598000002,303.1862498484659,3618.8066473506206
t262,1218.48615548945,1452.154649674151,123.69998993817406,2794.340795101775
t263,1218.48615548945,1339.3263446295875,123.69998993817406,2681.5124900572114
t264,1218.48615548945,564.3743884506,123.69998993817406,1906.560533878224
t265,875.4694963870746,879.2813350021236,14.552939992726346,1769.3037713819244
t266,736.35718464,443.818066510197,0.0,1180.175251150197
t267,736.35718464,443.818066510197,0.0,1180.175251150197
t268,736.35718464,443.818066510197,0.0,1180.175251150197
t269,736.35718464,443.818066510197,0.0,1180.175251150197
t270,736.35718464,355.1594655154287,0.0,1091.5166501554286
t271,316.6335893952001,333.6064404115052,0.0,650.2400298067053
t272,311.47908910272,333.6064404115052,0.0,645.0855295142253
t273,311.47908910272,333.6064404115052,0.0,645.0855295142253
t274,311.47908910272,333.6064404115052,0.0,645.0855295142253
t275,311.47908910272,333.6064404115052,0.0,645.0855295142253
t276,311.47908910272,333.6064404115052,0.0,645.0855295142253
t277,311.47908910272,333.6064404115052,0.0,645.0855295142253
t278,322.03848854312514,333.6064404115052,0.0,655.6449289546304
t279,736.35718464,333.6064404115052,0.0,1069.9636250515052
t280,736.35718464,333.6064404115052,0.0,1069.9636250515052
t281,736.35718464,1162.249276912961,0.0,1898.606461552961
t282,941.6979636257068,1512.7084829802209,0.0,2454.4064466059276
t283,1512.543942878338,1626.4391598000002,0.0,3138.983102678338
t284,1533.4421081422965,1626.4391598000002,0.0,3159.8812679422967
t285,1359.2443159780014,1626.4391598000002,0.0,2985.6834757780016
t286,1533.4421081422965,1626.4391598000002,0.0,3159.8812679422967
t287,1139.6821559321622,1626.4391598000002,0.0,2766.1213157321627
t288,1139.6821559321622,1626.4391598000002,0.0,2766.1213157321627
t289,1000.9230752903675,1560.7485280894623,0.0,2561.67160337983
t290,990.5033591342262,1213.2451843659578,0.0,2203.748543500184
t291,990.5033591342262,924.87373387761,0.0,1915.3770930118362
t292,990.5033591342262,725.4951934110658,0.0,1715.9985525452921
t293,990.5033591342262,1006.1551840960352,0.0,1996.6585432302613
t294,1103.7475070950848,1260.174155806973,0.0,2363.9216629020575
t295,990.5033591342262,564.3743884506,0.0,1554.8777475848262
t296,990.5033591342262,564.3743884506,0.0,1554.8777475848262
t297,990.5033591342262,564.3743884506,0.0,1554.8777475848262
t298,990.5033591342262,564.3743884506,0.0,1554.8777475848262
t299,990.5033591342262,564.3743884506,0.0,1554.8777475848262
t300,990.5033591342262,564.3743884506,0.0,1554.8777475848262
t301,990.5033591342262,564.3743884506,0.0,1554.8777475848262
t302,990.5033591342262,564.3743884506,0.0,1554.8777475848262
t303,990.5033591342262,644.7475060360705,293.3086039351459,1928.5594691054425
t304,990.5033591342262,946.6881000216315,325.74763972436375,2262.9390988802215
t305,1238.6223516246366,1176.973134808215,325.74763972436375,2741.343126157215
t306,1168.1898678984917,1208.3446676556518,325.74763972436375,2702.282175278507
t307,1238.6223516246366,1626.4391598000002,325.74763972436375,3190.809151149
t308,1238.6223516246366,1626.4391598000002,132.9050370075404,2997.9665484321768
t309,1098.5040066018516,1626.4391598000002,268.22832915103777,2993.1714955528896
t310,1072.6347950368652,1626.4391598000002,189.8762612618352,2888.950216098701
t311,990.5033591342262,1626.4391598000002,132.9050370075404,2749.8475559417666
t312,990.5033591342262,1570.917262121376,325.74763972436375,2887.168260979966
t313,830.8413336245737,1415.3313637625647,325.74763972436375,2571.920337111502
t314,830.8413336245737,1312.2897431817407,325.74763972436375,2468.878716530678
t315,830.8413336245737,1261.2266399775033,325.74763972436375,2417.8156133264406
t316,830.8413336245737,1245.6667395552909,325.74763972436375,2402.255712904228
t317,830.8413336245737,1216.486303528263,325.74763972436375,2373.0752768772004
t318,830.8413336245737,1237.214657862146,325.74763972436375,2393.8036312110835
t319,830.8413336245737,442.91200287094824,132.9050370075404,1406.6583735030624
t320,411.11773837977375,442.91200287094824,132.9050370075404,986.9347782582624
t321,637.7089106073927,442.91200287094824,132.9050370075404,1213.5259504858814
t322,411.11773837977375,442.91200287094824,132.9050370075404,986.9347782582624
t323,830.8413336245737,442.91200287094824,132.9050370075404,1406.6583735030624
t324,830.8413336245737,442.91200287094824,132.9050370075404,1406.6583735030624
t325,830.8413336245737,442.91200287094824,132.9050370075404,1406.6583735030624
t326,830.8413336245737,442.91200287094824,132.9050370075404,1406.6583735030624
t327,830.8413336245737,442.91200287094824,132.9050370075404,1406.6583735030624
t328,830.8413336245737,442.91200287094824,132.9050370075404,1406.6583735030624
t329,830.8413336245737,442.91200287094824,132.9050370075404,1406.6583735030624
t330,839.7027670656386,732.2151608815022,433.36537820549796,2005.283306152639
t331,1486.5625697036749,1283.7508119133367,427.90240337937314,3198.2157849963846
t332,1801.6817363312257,1626.4391598000002,427.90240337937314,3856.023299510599
t333,1801.6817363312257,1626.4391598000002,373.7476418760626,3801.8685380072884
t334,1673.0224140573262,1626.4391598000002,427.90240337937314,3727.3639772366996
t335,1557.4763015762185,1626.4391598000002,427.90240337937314,3611.8178647555915
t336,1275.4114077957602,1626.4391598000002,427.90240337937314,3329.7529709751334
t337,814.2400614788678,1518.110047814633,427.90240337937314,2760.2525126728738
t338,749.6648894743671,1395.1883325058104,427.90240337937314,2572.7556253595503
t339,749.6648894743671,1330.931784891219,263.4228133022811,2344.0194876678675
t340,749.6648894743671,1017.8026153333086,0.0,1767.4675048076756
t341,749.6648894743671,748.7672141196238,0.0,1498.4321035939909
t342,749.6648894743671,882.42696712834,0.0,1632.0918566027071
t343,749.6648894743671,564.3743884506,0.0,1314.039277924967
t344,655.4958513078423,564.3743884506,0.0,1219.8702397584423
t345,324.7867939370871,564.3743884506,0.0,889.1611823876872
t346,744.510389181887,564.3743884506,0.0,1308.884777632487
t347,749.6648894743671,564.3743884506,0.0,1314.039277924967
t348,749.6648894743671,564.3743884506,0.0,1314.039277924967
t349,749.6648894743671,564.3743884506,0.0,1314.039277924967
t350,749.6648894743671,564.3743884506,0.0,1314.039277924967
t351,749.6648894743671,564.3743884506,0.0,1314.039277924967
t352,749.6648894743671,564.3743884506,0.0,1314.039277924967
t353,749.6648894743671,948.3397254253824,0.0,1698.0046148997494
t354,1345.5733044418696,1528.4446281974158,277.1314820262569,3151.1494146655423
t355,2791.3149268688167,1626.4391598000002,307.78137753957265,4725.535464208389
t356,2818.1268355336842,1626.4391598000002,307.78137753957265,4752.347372873257
t357,2659.6168970053836,1626.4391598000002,307.78137753957265,4593.837434344957
t358,2818.1268355336842,1626.4391598000002,307.78137753957265,4752.347372873257
t359,2818.1268355336842,1626.4391598000002,307.78137753957265,4752.347372873257
t360,2614.359737780784,1626.4391598000002,307.78137753957265,4548.580275120356
t361,736.35718464,891.6727998431398,0.0,1628.0299844831397
t362,736.35718464,669.8973246165095,0.0,1406.2545092565097
t363,736.35718464,480.8358325599328,0.0,1217.193017199933
t364,736.35718464,372.0297379167261,0.0,1108.3869225567262
t365,736.35718464,309.84307745888776,0.0,1046.2002620988878
t366,736.35718464,237.5540732207972,0.0,973.9112578607971
t367,736.35718464,423.45038498095806,0.0,1159.807569620958
t368,736.35718464,133.28689265275816,0.0,869.6440772927582
t369,316.6335893952001,0.0,0.0,316.6335893952001
t370,311.47908910272,0.0,0.0,311.47908910272
t371,311.47908910272,0.0,0.0,311.47908910272
t372,311.47908910272,0.0,0.0,311.47908910272
t373,311.47908910272,0.0,0.0,311.47908910272
t374,311.47908910272,0.0,0.0,311.47908910272
t375,316.6335893952001,0.0,0.0,316.6335893952001
t376,736.35718464,0.0,0.0,736.35718464
t377,736.35718464,606.9882555844214,0.0,1343.3454402244215
t378,736.35718464,666.2858945462027,0.0,1402.6430791862026
t379,736.35718464,666.2858945462027,0.0,1402.6430791862026
t380,736.35718464,666.2858945462027,0.0,1402.6430791862026
t381,736.35718464,666.2858945462027,0.0,1402.6430791862026
t382,736.35718464,666.2858945462027,0.0,1402.6430791862026
t383,736.35718464,666.2858945462027,0.0,1402.6430791862026
t384,736.35718464,666.2858945462027,0.0,1402.6430791862026
t385,736.35718464,489.7592842523425,0.0,1226.1164688923425
t386,736.35718464,63.336311742772736,0.0,799.6934963827728
t387,736.35718464,0.0,0.0,736.35718464
t388,736.35718464,0.0,0.0,736.35718464
t389,736.35718464,0.0,0.0,736.35718464
t390,736.35718464,0.0,0.0,736.35718464
t391,736.35718464,0.0,0.0,736.35718464
t392,736.35718464,0.0,0.0,736.35718464
t393,316.6335893952001,0.0,0.0,316.6335893952001
t394,311.47908910272,0.0,0.0,311.47908910272
t395,311.47908910272,0.0,0.0,311.47908910272
t396,311.47908910272,0.0,0.0,311.47908910272
t397,311.47908910272,0.0,0.0,311.47908910272
t398,311.47908910272,0.0,0.0,311.47908910272
t399,311.47908910272,0.0,0.0,311.47908910272
t400,316.6335893952001,0.0,0.0,316.6335893952001
t401,736.35718464,248.98786621431998,0.0,985.34505085432
t402,736.35718464,1175.1215082814672,0.0,1911.4786929214672
t403,736.35718464,1256.3111555654411,0.0,1992.6683402054412
t404,736.35718464,1256.3111555654411,0.0,1992.6683402054412
t405,736.35718464,1256.3111555654411,0.0,1992.6683402054412
t406,736.35718464,1256.3111555654411,0.0,1992.6683402054412
t407,736.35718464,1256.3111555654411,0.0,1992.6683402054412
t408,736.35718464,1234.4263020480582,0.0,1970.7834866880582
t409,736.35718464,606.2168046488647,0.0,1342.5739892888646
t410,736.35718464,506.68502534430417,0.0,1243.0422099843042
t411,736.35718464,371.689290334554,0.0,1108.046474974554
t412,736.35718464,371.689290334554,0.0,1108.046474974554
t413,736.35718464,371.689290334554,0.0,1108.046474974554
t414,736.35718464,371.689290334554,0.0,1108.046474974554
t415,736.35718464,771.1686008182112,0.0,1507.5257854582112
t416,736.35718464,685.5364432683417,0.0,1421.8936279083418
t417,736.35718464,0.0,0.0,736.35718464
t418,316.6335893952001,0.0,0.0,316.6335893952001
t419,311.47908910272,0.0,0.0,311.47908910272
t420,311.47908910272,0.0,0.0,311.47908910272
t421,311.47908910272,0.0,0.0,311.47908910272
t422,311.47908910272,0.0,0.0,311.47908910272
t423,311.47908910272,0.0,0.0,311.47908910272
t424,316.6335893952001,0.0,0.0,316.6335893952001
t425,736.35718464,836.476389472165,0.0,1572.833574112165
t426,1128.0348875189138,1584.5540097206301,0.0,2712.588897239544
t427,1179.6293974537248,1626.4391598000002,0.0,2806.068557253725
t428,1179.6293974537248,1626.4391598000002,0.0,2806.068557253725
t429,1179.6293974537248,1626.4391598000002,0.0,2806.068557253725
t430,1179.6293974537248,1626.4391598000002,0.0,2806.068557253725
t431,1179.6293974537248,1626.4391598000002,0.0,2806.068557253725
t432,1020.0514008407837,1604.4212107305218,0.0,2624.4726115713056
t433,736.35718464,1460.5106650851155,0.0,2196.867849725116
t434,736.35718464,1265.74409303266,0.0,2002.10127767266
t435,736.35718464,1033.9698780336587,0.0,1770.3270626736587
t436,736.35718464,1085.700288119378,0.0,1822.057472759378
t437,736.35718464,980.4677203444073,0.0,1716.8249049844073
t438,736.35718464,1169.5992506190569,0.0,1905.956435259057
t439,736.35718464,1370.1861908852272,0.0,2106.543375525227
t440,736.35718464,1452.3666372867378,0.0,2188.723821926738
t441,736.35718464,564.3743884506,0.0,1300.7315730906
t442,316.6335893952001,564.3743884506,0.0,881.0079778458
t443,311.47908910272,564.3743884506,0.0,875.8534775533201
t444,311.47908910272,564.3743884506,0.0,875.8534775533201
t445,311.47908910272,564.3743884506,0.0,875.8534775533201
t446,316.6335893952001,564.3743884506,0.0,881.0079778458
t447,736.35718464,564.3743884506,0.0,1300.7315730906
t448,1370.846857898361,974.7050169294045,503.59840272,2849.1502775477657
t449,1793.7648391078824,1606.5159524075038,559.2948480000001,3959.5756395153862
t450,1752.4375047968083,1626.4391598000002,559.2948480000001,3938.1715125968085
t451,1752.4375047968083,1626.4391598000002,559.2948480000001,3938.1715125968085
t452,1752.4375047968083,1626.4391598000002,559.2948480000001,3938.1715125968085
t453,1652.6447021067772,1626.4391598000002,559.2948480000001,3838.378709906777
t454,1752.4375047968083,1626.4391598000002,243.36330662082833,3622.2399712176366
t455,1258.3521711157841,1626.4391598000002,0.0,2884.7913309157843
t456,1463.0345988560505,1626.4391598000002,0.0,3089.4737586560504
t457,831.2231558851282,1582.343720929192,0.0,2413.56687681432
t458,736.35718464,1267.9627892348988,0.0,2004.3199738748988
t459,736.35718464,1281.4232893678247,0.0,2017.7804740078248
t460,736.35718464,1163.35131776287,0.0,1899.70850240287
t461,736.35718464,1046.2009356216413,0.0,1782.5581202616413
t462,736.35718464,1250.0378895341973,0.0,1986.3950741741974
t463,736.35718464,1503.3440206206535,0.0,2239.7012052606533
t464,736.35718464,1626.4391598000002,0.0,2362.79634444
t465,736.35718464,1265.9031261507707,0.0,2002.2603107907707
t466,736.35718464,564.3743884506,0.0,1300.7315730906
t467,316.6335893952001,564.3743884506,0.0,881.0079778458
t468,311.47908910272,564.3743884506,0.0,875.8534775533201
t469,311.47908910272,564.3743884506,0.0,875.8534775533201
t470,311.47908910272,564.3743884506,0.0,875.8534775533201
t471,386.667440378949,564.3743884506,0.0,951.041828829549
t472,736.35718464,564.3743884506,0.0,1300.7315730906
t473,752.3884924126021,1192.0009407058537,0.0,1944.3894331184558
t474,1341.3853511733028,1626.4391598000002,0.0,2967.824510973303
t475,1414.7330022721965,1626.4391598000002,0.0,3041.1721620721964
t476,1414.7330022721965,1626.4391598000002,0.0,3041.1721620721964
t477,1414.7330022721965,1626.4391598000002,0.0,3041.1721620721964
t478,1414.7330022721965,1626.4391598000002,0.0,3041.1721620721964
t479,1414.7330022721965,1626.4391598000002,0.0,3041.1721620721964
t480,1170.517707924606,1626.4391598000002,0.0,2796.956867724606
